<?xml version='1.0' encoding='ISO-8859-1'  ?>
<!DOCTYPE toc PUBLIC "-//Sun Microsystems Inc.//DTD JavaHelp TOC Version 1.0//EN" "http://java.sun.com/products/javahelp/toc_2_0.dtd">
<toc version="1.0">
    <tocitem text="Database Navigator" target="introduction" image="toc-image-dbn">
		<tocitem text="Introduction" target="introduction"  image="toc-image-doc"/>
        <tocitem text="Components" target="introduction" image="toc-image-folder">
            <tocitem text="Script editor" target="scriptEditor" image="toc-image-doc"/>
            <tocitem text="Connection manager" target="connectionManager" image="toc-image-doc"/>
            <tocitem text="Execution engine" target="executionEngine" image="toc-image-doc"/>
            <tocitem text="Object browser" target="objectBrowser" image="toc-image-doc"/>
            <tocitem text="Code editor" target="codeEditor" image="toc-image-doc"/>
            <tocitem text="Data editor" target="dataEditor" image="toc-image-doc"/>
        </tocitem>

    </tocitem>
</toc>
