<?xml version='1.0' encoding='ISO-8859-1' ?>
<!DOCTYPE map PUBLIC "-//Sun Microsystems Inc.//DTD JavaHelp Map Version 1.0//EN" "http://java.sun.com/products/javahelp/map_2_0.dtd">

<map version="1.0">
    <mapID url="DefaultCSS/img/topic.gif" target="toc-image-doc"/>
    <mapID url="DefaultCSS/img/folder.gif" target="toc-image-folder"/>
    <mapID url="dbn.png" target="toc-image-dbn"/>
    <mapID target="" url="index.html"/>
    <mapID target="introduction" url="index.html"/>
    <mapID target="scriptEditor" url="components/scriptEditor/index.html"/>
    <mapID target="connectionManager" url="components/connectionManager/index.html"/>
    <mapID target="executionEngine" url="components/executionEngine/index.html"/>
    <mapID target="objectBrowser" url="components/objectBrowser/index.html"/>
    <mapID target="codeEditor" url="components/codeEditor/index.html"/>
    <mapID target="dataEditor" url="components/dataEditor/index.html"/>
</map>